name	year	gross	runtime	genre	imdb	metascore	director	votes	title_length	genre_num
The Shawshank Redemption	1994	28341469	142	Drama	9.3	80	Frank Darabont	2343110	24	1
The Godfather	1972	134966411	175	Crime	9.2	100	Francis Ford Coppola	1620367	13	2
The Dark Knight	2008	534858444	152	Action	9	84	Christopher Nolan	2303232	15	3
The Godfather: Part II	1974	57300000	202	Crime	9	90	Francis Ford Coppola	1129952	22	2
12 Angry Men	1957	4360000	96	Crime	9	96	Sidney Lumet	689845	12	2
The Lord of the Rings: The Return of the King	2003	377845905	201	Action	8.9	94	Peter Jackson	1642758	45	3
Pulp Fiction	1994	107928762	154	Crime	8.9	94	Quentin Tarantino	1826188	12	2
Schindler's List	1993	96898818	195	Biography	8.9	94	Steven Spielberg	1213505	16	4
Inception	2010	292576195	148	Action	8.8	74	Christopher Nolan	2067042	9	3
Fight Club	1999	37030102	139	Drama	8.8	66	David Fincher	1854740	10	1
The Lord of the Rings: The Fellowship of the Ring	2001	315544750	178	Action	8.8	92	Peter Jackson	1661481	49	3
Forrest Gump	1994	330252182	142	Drama	8.8	82	Robert Zemeckis	1809221	12	1
Il buono, il brutto, il cattivo	1966	6100000	161	Western	8.8	90	Sergio Leone	688390	31	5
The Lord of the Rings: The Two Towers	2002	342551365	179	Action	8.7	87	Peter Jackson	1485555	37	3
The Matrix	1999	171479930	136	Action	8.7	73	Lana Wachowski	1676426	10	3
Goodfellas	1990	46836394	146	Biography	8.7	90	Martin Scorsese	1020727	10	4
Star Wars: Episode V - The Empire Strikes Back	1980	290475067	124	Action	8.7	82	Irvin Kershner	1159315	46	3
One Flew Over the Cuckoo's Nest	1975	1.12e+08	133	Drama	8.7	83	Milos Forman	918088	31	1
Gisaengchung	2019	53367844	132	Comedy	8.6	96	Bong Joon Ho	552778	12	6
Interstellar	2014	188020017	169	Adventure	8.6	74	Christopher Nolan	1512360	12	7
Cidade de Deus	2002	7563397	130	Crime	8.6	79	Fernando Meirelles	699256	14	2
Sen to Chihiro no kamikakushi	2001	10055859	125	Animation	8.6	96	Hayao Miyazaki	651376	29	8
Saving Private Ryan	1998	216540909	169	Drama	8.6	91	Steven Spielberg	1235804	19	1
The Green Mile	1999	136801374	189	Crime	8.6	61	Frank Darabont	1147794	14	2
La vita è bella	1997	57598247	116	Comedy	8.6	59	Roberto Benigni	623629	15	6
Se7en	1995	100125643	127	Crime	8.6	65	David Fincher	1445096	5	2
The Silence of the Lambs	1991	130742922	118	Crime	8.6	85	Jonathan Demme	1270197	24	2
Star Wars	1977	322740140	121	Action	8.6	90	George Lucas	1231473	9	3
Shichinin no samurai	1954	269061	207	Action	8.6	98	Akira Kurosawa	315744	20	3
Joker	2019	335451311	122	Crime	8.5	59	Todd Phillips	939252	5	2
Whiplash	2014	13092000	106	Drama	8.5	88	Damien Chazelle	717585	8	1
The Intouchables	2011	13182281	112	Biography	8.5	57	Olivier Nakache	760360	16	4
The Prestige	2006	53089891	130	Drama	8.5	66	Christopher Nolan	1190259	12	1
The Departed	2006	132384315	151	Crime	8.5	85	Martin Scorsese	1189773	12	2
The Pianist	2002	32572577	150	Biography	8.5	85	Roman Polanski	729603	11	4
Gladiator	2000	187705427	155	Action	8.5	67	Ridley Scott	1341460	9	3
American History X	1998	6719864	119	Drama	8.5	62	Tony Kaye	1034705	18	1
The Usual Suspects	1995	23341568	106	Crime	8.5	77	Bryan Singer	991208	18	2
Léon	1994	19501238	110	Action	8.5	64	Luc Besson	1035236	4	3
The Lion King	1994	422783777	88	Animation	8.5	88	Roger Allers	942045	13	8
Terminator 2: Judgment Day	1991	204843350	137	Action	8.5	75	James Cameron	995506	26	3
Nuovo Cinema Paradiso	1988	11990401	155	Drama	8.5	80	Giuseppe Tornatore	230763	21	1
Back to the Future	1985	210609762	116	Adventure	8.5	87	Robert Zemeckis	1058081	18	7
Once Upon a Time in the West	1968	5321508	165	Western	8.5	80	Sergio Leone	302844	28	5
Psycho	1960	3.2e+07	109	Horror	8.5	97	Alfred Hitchcock	604211	6	9
Casablanca	1942	1024560	102	Drama	8.5	100	Michael Curtiz	522093	10	1
Modern Times	1936	163245	87	Comedy	8.5	96	Charles Chaplin	217881	12	6
City Lights	1931	19181	87	Comedy	8.5	99	Charles Chaplin	167839	11	6
Capharnaüm	2018	1661096	126	Drama	8.4	75	Nadine Labaki	62635	10	1
Kimi no na wa.	2016	5017246	106	Animation	8.4	79	Makoto Shinkai	194838	14	8
Spider-Man: Into the Spider-Verse	2018	190241310	117	Animation	8.4	87	Bob Persichetti	375110	33	8
Avengers: Endgame	2019	858373000	181	Action	8.4	78	Anthony Russo	809955	17	3
Avengers: Infinity War	2018	678815482	149	Action	8.4	68	Anthony Russo	834477	22	3
Coco	2017	209726015	105	Animation	8.4	81	Lee Unkrich	384171	4	8
Django Unchained	2012	162805434	165	Drama	8.4	81	Quentin Tarantino	1357682	16	1
The Dark Knight Rises	2012	448139099	164	Action	8.4	78	Christopher Nolan	1516346	21	3
3 Idiots	2009	6532908	170	Comedy	8.4	67	Rajkumar Hirani	344445	8	6
WALL·E	2008	223808164	98	Animation	8.4	95	Andrew Stanton	999790	6	8
The Lives of Others	2006	11286112	137	Drama	8.4	89	Florian Henckel von Donnersmarck	358685	19	1
Oldeuboi	2003	707481	101	Action	8.4	77	Chan-wook Park	515451	8	3
Memento	2000	25544867	113	Mystery	8.4	80	Christopher Nolan	1125712	7	10
Mononoke-hime	1997	2375308	134	Animation	8.4	76	Hayao Miyazaki	343171	13	8
Raiders of the Lost Ark	1981	248159971	115	Action	8.4	85	Steven Spielberg	884112	23	3
The Shining	1980	44017374	146	Drama	8.4	66	Stanley Kubrick	898237	11	1
Apocalypse Now	1979	83471511	147	Drama	8.4	94	Francis Ford Coppola	606398	14	1
Alien	1979	78900000	117	Horror	8.4	89	Ridley Scott	787806	5	9
Dr. Strangelove or: How I Learned to Stop Worrying and Love the Bomb	1964	275902	95	Comedy	8.4	97	Stanley Kubrick	450474	68	6
Rear Window	1954	36764313	112	Mystery	8.4	100	Alfred Hitchcock	444074	11	10
1917	2019	159227644	119	Drama	8.3	78	Sam Mendes	425844	4	1
Jagten	2012	687185	115	Drama	8.3	77	Thomas Vinterberg	281623	6	1
Jodaeiye Nader az Simin	2011	7098492	123	Drama	8.3	95	Asghar Farhadi	220002	23	1
Incendies	2010	6857096	131	Drama	8.3	80	Denis Villeneuve	150023	9	1
Inglourious Basterds	2009	120540719	153	Adventure	8.3	69	Quentin Tarantino	1267869	20	7
Eternal Sunshine of the Spotless Mind	2004	34400301	108	Drama	8.3	89	Michel Gondry	911664	37	1
Amélie	2001	33225499	122	Comedy	8.3	69	Jean-Pierre Jeunet	703810	6	6
Snatch	2000	30328156	104	Comedy	8.3	55	Guy Ritchie	782001	6	6
Requiem for a Dream	2000	3635482	102	Drama	8.3	68	Darren Aronofsky	766870	19	1
American Beauty	1999	130096601	122	Drama	8.3	84	Sam Mendes	1069738	15	1
Good Will Hunting	1997	138433435	126	Drama	8.3	70	Gus Van Sant	861606	17	1
Bacheha-Ye aseman	1997	933933	89	Drama	8.3	77	Majid Majidi	65341	17	1
Toy Story	1995	191796233	81	Animation	8.3	95	John Lasseter	887429	9	8
Braveheart	1995	75600000	178	Biography	8.3	68	Mel Gibson	959181	10	4
Reservoir Dogs	1992	2832029	99	Crime	8.3	79	Quentin Tarantino	918562	14	2
Full Metal Jacket	1987	46357676	116	Drama	8.3	76	Stanley Kubrick	675146	17	1
Aliens	1986	85160248	137	Action	8.3	84	James Cameron	652719	6	3
Amadeus	1984	51973029	160	Biography	8.3	88	Milos Forman	369007	7	4
Scarface	1983	45598982	170	Crime	8.3	65	Brian De Palma	740911	8	2
Star Wars: Episode VI - Return of the Jedi	1983	309125409	131	Action	8.3	58	Richard Marquand	950470	42	3
Das Boot	1981	11487676	149	Adventure	8.3	86	Wolfgang Petersen	231855	8	7
Taxi Driver	1976	28262574	114	Crime	8.3	94	Martin Scorsese	724636	11	2
The Sting	1973	159600000	129	Comedy	8.3	83	George Roy Hill	241513	9	6
A Clockwork Orange	1971	6207725	136	Crime	8.3	77	Stanley Kubrick	757904	18	2
2001: A Space Odyssey	1968	56954992	149	Adventure	8.3	84	Stanley Kubrick	603517	21	7
Per qualche dollaro in più	1965	1.5e+07	132	Western	8.3	74	Sergio Leone	232772	26	5
Lawrence of Arabia	1962	44824144	228	Adventure	8.3	100	David Lean	268085	18	7
The Apartment	1960	18600000	125	Comedy	8.3	94	Billy Wilder	164363	13	6
North by Northwest	1959	13275000	136	Adventure	8.3	98	Alfred Hitchcock	299198	18	7
Vertigo	1958	3200000	128	Mystery	8.3	100	Alfred Hitchcock	364368	7	10
Singin' in the Rain	1952	8819028	103	Comedy	8.3	99	Stanley Donen	218957	19	6
Double Indemnity	1944	5720000	107	Crime	8.3	95	Billy Wilder	143525	16	2
Citizen Kane	1941	1585634	119	Drama	8.3	100	Orson Welles	403351	12	1
Metropolis	1927	1236166	153	Drama	8.3	98	Fritz Lang	159992	10	1
Green Book	2018	85080171	130	Biography	8.2	69	Peter Farrelly	377884	10	4
Three Billboards Outside Ebbing, Missouri	2017	54513740	115	Comedy	8.2	88	Martin McDonagh	432610	41	6
Mandariinid	2013	144501	87	Drama	8.2	73	Zaza Urushadze	40382	11	1
El secreto de sus ojos	2009	6391436	129	Drama	8.2	80	Juan José Campanella	193217	22	1
Warrior	2011	13657115	140	Action	8.2	71	Gavin O'Connor	435950	7	3
Shutter Island	2010	128012934	138	Mystery	8.2	63	Martin Scorsese	1129894	14	10
Up	2009	293004164	96	Animation	8.2	88	Pete Docter	935507	2	8
The Wolf of Wall Street	2013	116900694	180	Biography	8.2	75	Martin Scorsese	1187498	23	4
Chak De! India	2007	1113541	153	Drama	8.2	68	Shimit Amin	74129	14	1
There Will Be Blood	2007	40222514	158	Drama	8.2	93	Paul Thomas Anderson	517359	19	1
Pan's Labyrinth	2006	37634615	118	Drama	8.2	98	Guillermo del Toro	618623	15	1
Toy Story 3	2010	415004880	103	Animation	8.2	92	Lee Unkrich	757032	11	8
V for Vendetta	2005	70511035	132	Action	8.2	62	James McTeigue	1032749	14	3
Batman Begins	2005	206852432	140	Action	8.2	70	Christopher Nolan	1308302	13	3
Der Untergang	2004	5509040	156	Biography	8.2	82	Oliver Hirschbiegel	331308	13	4
Hauru no ugoku shiro	2004	4711096	119	Animation	8.2	80	Hayao Miyazaki	333915	20	8
A Beautiful Mind	2001	170742341	135	Biography	8.2	72	Ron Howard	848920	16	4
Lock, Stock and Two Smoking Barrels	1998	3897569	107	Action	8.2	66	Guy Ritchie	535216	35	3
L.A. Confidential	1997	64616940	138	Crime	8.2	90	Curtis Hanson	531967	17	2
Heat	1995	67436818	170	Crime	8.2	76	Michael Mann	577113	4	2
Casino	1995	42438300	178	Crime	8.2	73	Martin Scorsese	466276	6	2
Unforgiven	1992	101157447	130	Drama	8.2	85	Clint Eastwood	375935	10	1
Indiana Jones and the Last Crusade	1989	197171806	127	Action	8.2	65	Steven Spielberg	692366	34	3
Tonari no Totoro	1988	1105564	86	Animation	8.2	86	Hayao Miyazaki	291180	16	8
Die Hard	1988	83008852	132	Action	8.2	72	John McTiernan	793164	8	3
Ran	1985	4135750	162	Action	8.2	96	Akira Kurosawa	112505	3	3
Raging Bull	1980	23383987	129	Biography	8.2	89	Martin Scorsese	321860	11	4
Monty Python and the Holy Grail	1975	1229197	91	Adventure	8.2	91	Terry Gilliam	500875	31	7
The Great Escape	1963	12100000	172	Adventure	8.2	86	John Sturges	224730	16	7
Some Like It Hot	1959	2.5e+07	121	Comedy	8.2	98	Billy Wilder	243943	16	6
Du rififi chez les hommes	1955	57226	118	Crime	8.2	97	Jules Dassin	28810	25	2
Dial M for Murder	1954	12562	105	Crime	8.2	75	Alfred Hitchcock	158335	17	2
Rashômon	1950	96568	88	Crime	8.2	98	Akira Kurosawa	152572	8	2
All About Eve	1950	10177	138	Drama	8.2	98	Joseph L. Mankiewicz	120539	13	1
The Treasure of the Sierra Madre	1948	5014000	126	Adventure	8.2	98	John Huston	114304	32	7
Portrait de la jeune fille en feu	2019	3759854	122	Drama	8.1	95	Céline Sciamma	63134	33	1
Ah-ga-ssi	2016	2006788	145	Drama	8.1	84	Chan-wook Park	113649	9	1
Mommy	2014	3492754	139	Drama	8.1	74	Xavier Dolan	50700	5	1
Logan	2017	226277068	137	Action	8.1	77	James Mangold	647884	5	3
Room	2015	14677674	118	Drama	8.1	86	Lenny Abrahamson	371538	4	1
Relatos salvajes	2014	3107072	122	Comedy	8.1	77	Damián Szifron	177059	16	6
Kis Uykusu	2014	165520	196	Drama	8.1	88	Nuri Bilge Ceylan	46547	10	1
The Grand Budapest Hotel	2014	59100318	99	Adventure	8.1	88	Wes Anderson	707630	24	7
Gone Girl	2014	167767189	149	Drama	8.1	79	David Fincher	859695	9	1
Hacksaw Ridge	2016	67209615	139	Biography	8.1	71	Mel Gibson	435928	13	4
Inside Out	2015	356461711	95	Animation	8.1	94	Pete Docter	616228	10	8
12 Years a Slave	2013	56671993	134	Biography	8.1	96	Steve McQueen	640533	16	4
Rush	2013	26947624	123	Action	8.1	74	Ron Howard	432811	4	3
Ford v Ferrari	2019	117624028	152	Action	8.1	81	James Mangold	291289	14	3
Spotlight	2015	45055776	129	Biography	8.1	93	Tom McCarthy	420316	9	4
Song of the Sea	2014	857524	93	Animation	8.1	85	Tomm Moore	51679	15	8
Prisoners	2013	61002302	153	Crime	8.1	70	Denis Villeneuve	601149	9	2
Mad Max: Fury Road	2015	154058340	120	Action	8.1	90	George Miller	882316	18	3
Gran Torino	2008	148095302	116	Drama	8.1	72	Clint Eastwood	720450	11	1
Harry Potter and the Deathly Hallows: Part 2	2011	381011219	130	Adventure	8.1	85	David Yates	764493	44	7
Okuribito	2008	1498210	130	Drama	8.1	68	Yôjirô Takita	48582	9	1
How to Train Your Dragon	2010	217581231	98	Animation	8.1	75	Dean DeBlois	666773	24	8
Into the Wild	2007	18354356	148	Adventure	8.1	73	Sean Penn	572921	13	7
No Country for Old Men	2007	74283625	122	Crime	8.1	91	Ethan Coen	856916	22	2
Million Dollar Baby	2004	100492203	132	Drama	8.1	86	Clint Eastwood	635975	19	1
Hotel Rwanda	2004	23530892	121	Biography	8.1	79	Terry George	334320	12	4
Taegukgi hwinalrimyeo	2004	1111061	140	Action	8.1	64	Je-kyu Kang	37820	21	3
Before Sunset	2004	5820649	80	Drama	8.1	90	Richard Linklater	236311	13	1
Salinui chueok	2003	14131	131	Crime	8.1	82	Bong Joon Ho	139558	14	2
Kill Bill: Vol. 1	2003	70099045	111	Action	8.1	69	Quentin Tarantino	1000639	17	3
Finding Nemo	2003	380843261	100	Animation	8.1	90	Andrew Stanton	949565	12	8
Catch Me If You Can	2002	164615351	141	Biography	8.1	75	Steven Spielberg	832846	19	4
Amores perros	2000	5383834	154	Drama	8.1	83	Alejandro G. Iñárritu	223741	13	1
Monsters, Inc.	2001	289916256	92	Animation	8.1	79	Pete Docter	815505	14	8
Lagaan: Once Upon a Time in India	2001	70147	224	Adventure	8.1	84	Ashutosh Gowariker	105036	33	7
The Sixth Sense	1999	293506292	107	Drama	8.1	64	M. Night Shyamalan	911573	15	1
La leggenda del pianista sull'oceano	1998	259127	169	Drama	8.1	58	Giuseppe Tornatore	59020	36	1
The Truman Show	1998	125618201	103	Comedy	8.1	90	Peter Weir	939631	15	6
Crna macka, beli macor	1998	348660	127	Comedy	8.1	73	Emir Kusturica	50862	22	6
The Big Lebowski	1998	17498804	117	Comedy	8.1	71	Joel Coen	732620	16	6
Fa yeung nin wah	2000	2734044	98	Drama	8.1	85	Kar-Wai Wong	124383	16	1
Trainspotting	1996	16501785	93	Drama	8.1	83	Danny Boyle	634716	13	1
Fargo	1996	24611975	98	Crime	8.1	85	Joel Coen	617444	5	2
Before Sunrise	1995	5535405	101	Drama	8.1	77	Richard Linklater	272291	14	1
Trois couleurs: Rouge	1994	4043686	99	Drama	8.1	100	Krzysztof Kieslowski	90729	21	1
Chung Hing sam lam	1994	600200	102	Comedy	8.1	77	Kar-Wai Wong	63122	18	6
Jurassic Park	1993	402453882	127	Action	8.1	68	Steven Spielberg	867615	13	3
In the Name of the Father	1993	25010410	133	Biography	8.1	84	Jim Sheridan	156842	25	4
Dead Poets Society	1989	95860116	128	Comedy	8.1	79	Peter Weir	425457	18	6
Stand by Me	1986	52287414	89	Adventure	8.1	75	Rob Reiner	363401	11	7
Platoon	1986	138530565	120	Drama	8.1	92	Oliver Stone	381222	7	1
Paris, Texas	1984	2181987	145	Drama	8.1	78	Wim Wenders	91188	12	1
Kaze no tani no Naushika	1984	495770	117	Animation	8.1	86	Hayao Miyazaki	150924	24	8
The Thing	1982	13782838	109	Horror	8.1	57	John Carpenter	371271	9	9
Pink Floyd: The Wall	1982	22244207	95	Drama	8.1	47	Alan Parker	76081	20	1
Fanny och Alexander	1982	4971340	188	Drama	8.1	100	Ingmar Bergman	57784	19	1
Blade Runner	1982	32868943	117	Action	8.1	84	Ridley Scott	693827	12	3
Life of Brian	1979	20045115	94	Comedy	8.1	77	Terry Jones	367250	13	6
The Deer Hunter	1978	48979328	183	Drama	8.1	86	Michael Cimino	311361	15	1
Rocky	1976	117235247	120	Drama	8.1	70	John G. Avildsen	518546	5	1
Chinatown	1974	2.9e+07	130	Drama	8.1	92	Roman Polanski	294230	9	1
Paper Moon	1973	30933743	102	Comedy	8.1	77	Peter Bogdanovich	42285	10	6
Cool Hand Luke	1967	16217773	127	Crime	8.1	92	Stuart Rosenberg	161984	14	2
La battaglia di Algeri	1966	55908	121	Drama	8.1	96	Gillo Pontecorvo	53089	22	1
What Ever Happened to Baby Jane?	1962	4050000	134	Drama	8.1	75	Robert Aldrich	50058	32	1
Ben-Hur	1959	74700000	212	Adventure	8.1	90	William Wyler	219466	7	7
The Bridge on the River Kwai	1957	44908000	161	Adventure	8.1	87	David Lean	203463	28	7
On the Waterfront	1954	9600000	108	Crime	8.1	91	Elia Kazan	142107	17	2
Ace in the Hole	1951	3969893	111	Drama	8.1	72	Billy Wilder	31568	15	1
The Third Man	1949	449191	104	Film-Noir	8.1	97	Carol Reed	158731	13	11
The Shop Around the Corner	1940	203300	99	Comedy	8.1	96	Ernst Lubitsch	28450	26	6
Rebecca	1940	4360000	130	Drama	8.1	86	Alfred Hitchcock	123942	7	1
Mr. Smith Goes to Washington	1939	9600000	129	Comedy	8.1	73	Frank Capra	107017	28	6
Gone with the Wind	1939	198676459	238	Drama	8.1	97	Victor Fleming	290074	18	1
It Happened One Night	1934	4360000	105	Comedy	8.1	87	Frank Capra	94016	21	6
La La Land	2016	151101803	128	Comedy	8	94	Damien Chazelle	505918	10	6
Lion	2016	51739495	118	Biography	8	69	Garth Davis	213970	4	4
The Martian	2015	228433663	144	Adventure	8	80	Ridley Scott	760094	11	7
Zootopia	2016	341268248	108	Animation	8	78	Byron Howard	434143	8	8
Kaguyahime no monogatari	2013	1506975	137	Animation	8	89	Isao Takahata	38746	24	8
Wonder	2017	132422809	113	Drama	8	66	Stephen Chbosky	141923	6	1
Gully Boy	2019	5566534	154	Drama	8	65	Zoya Akhtar	31886	9	1
Short Term 12	2013	1010414	96	Drama	8	82	Destin Daniel Cretton	81770	13	1
Serbuan maut 2: Berandal	2014	2625803	150	Action	8	71	Gareth Evans	114316	24	3
The Imitation Game	2014	91125683	114	Biography	8	73	Morten Tyldum	685201	18	4
Guardians of the Galaxy	2014	333176600	121	Action	8	76	James Gunn	1043455	23	3
Blade Runner 2049	2017	92054159	164	Action	8	81	Denis Villeneuve	461823	17	3
Her	2013	25568251	126	Drama	8	90	Spike Jonze	540772	3	1
Bohemian Rhapsody	2018	216428042	134	Biography	8	49	Bryan Singer	450349	17	4
The Revenant	2015	183637894	156	Action	8	76	Alejandro G. Iñárritu	705589	12	3
The Perks of Being a Wallflower	2012	17738570	103	Drama	8	67	Stephen Chbosky	462252	31	1
Tropa de Elite 2: O Inimigo Agora é Outro	2010	100119	115	Action	8	71	José Padilha	79200	41	3
The King's Speech	2010	138797449	118	Biography	8	88	Tom Hooper	639603	17	4
The Help	2011	169708112	146	Drama	8	62	Tate Taylor	428521	8	1
Deadpool	2016	363070709	108	Action	8	65	Tim Miller	902669	8	3
Darbareye Elly	2009	106662	119	Drama	8	87	Asghar Farhadi	45803	14	1
My Name Is Khan	2010	4018695	165	Drama	8	50	Karan Johar	98575	15	1
Slumdog Millionaire	2008	141319928	120	Drama	8	84	Danny Boyle	798882	19	1
Black Swan	2010	106954678	108	Drama	8	79	Darren Aronofsky	699673	10	1
Tropa de Elite	2007	8060	115	Action	8	33	José Padilha	98097	14	3
The Avengers	2012	623279547	143	Action	8	69	Joss Whedon	1260806	12	3
Persepolis	2007	4445756	96	Animation	8	90	Vincent Paronnaud	88656	10	8
Dallas Buyers Club	2013	27298285	117	Biography	8	80	Jean-Marc Vallée	441614	18	4
The Pursuit of Happyness	2006	163566459	117	Biography	8	64	Gabriele Muccino	448930	24	4
Blood Diamond	2006	57366262	143	Adventure	8	64	Edward Zwick	499439	13	7
The Bourne Ultimatum	2007	227471070	115	Action	8	85	Paul Greengrass	604694	20	3
Bin-jip	2004	238507	88	Crime	8	72	Ki-duk Kim	50610	7	2
Sin City	2005	74103820	124	Crime	8	74	Frank Miller	738512	8	2
Le scaphandre et le papillon	2007	5990075	112	Biography	8	92	Julian Schnabel	103284	28	4
Ratatouille	2007	206445654	111	Animation	8	96	Brad Bird	641645	11	8
Casino Royale	2006	167445960	144	Action	8	80	Martin Campbell	582239	13	3
Kill Bill: Vol. 2	2004	66208183	137	Action	8	83	Quentin Tarantino	683900	17	3
Vozvrashchenie	2003	502028	110	Drama	8	82	Andrey Zvyagintsev	42399	14	1
Bom Yeoareum Gaeul Gyeoul Geurigo Bom	2003	2380788	103	Drama	8	85	Ki-duk Kim	77520	37	1
Mar adentro	2014	2086345	126	Biography	8	74	Alejandro Amenábar	77554	11	4
Cinderella Man	2005	61649911	144	Biography	8	69	Ron Howard	176151	14	4
Kal Ho Naa Ho	2003	1787378	186	Comedy	8	54	Nikkhil Advani	63460	13	6
Mou gaan dou	2002	169659	101	Action	8	75	Andrew Lau	117857	12	3
Pirates of the Caribbean: The Curse of the Black Pearl	2003	305413918	143	Action	8	63	Gore Verbinski	1015122	54	3
Big Fish	2003	66257002	125	Adventure	8	58	Tim Burton	415218	8	7
The Incredibles	2004	261441092	115	Animation	8	90	Brad Bird	657047	15	8
Dogville	2003	1530386	178	Crime	8	60	Lars von Trier	137963	8	2
Donnie Darko	2001	1480006	113	Drama	8	88	Richard Kelly	740086	12	1
Magnolia	1999	22455976	188	Drama	8	77	Paul Thomas Anderson	289742	8	1
Dancer in the Dark	2000	4184036	140	Crime	8	61	Lars von Trier	102285	18	2
The Straight Story	1999	6203044	112	Biography	8	86	David Lynch	82002	18	4
Festen	1998	1647780	105	Drama	8	82	Thomas Vinterberg	78341	6	1
Central do Brasil	1998	5595428	110	Drama	8	80	Walter Salles	36419	17	1
The Iron Giant	1999	23159305	86	Animation	8	85	Brad Bird	172083	14	8
Sling Blade	1996	24475416	135	Drama	8	84	Billy Bob Thornton	86838	11	1
Secrets & Lies	1996	13417292	136	Comedy	8	91	Mike Leigh	37564	14	6
Twelve Monkeys	1995	57141459	129	Mystery	8	74	Terry Gilliam	578443	14	10
Kôkaku Kidôtai	1995	515905	83	Animation	8	76	Mamoru Oshii	129231	14	8
The Nightmare Before Christmas	1993	75082668	76	Animation	8	82	Henry Selick	300208	30	8
Groundhog Day	1993	70906973	101	Comedy	8	72	Harold Ramis	577991	13	6
Bound by Honor	1993	4496583	180	Crime	8	47	Taylor Hackford	28825	14	2
Scent of a Woman	1992	63895607	156	Drama	8	59	Martin Brest	263918	16	1
Aladdin	1992	217350219	90	Animation	8	86	Ron Clements	373845	7	8
JFK	1991	70405498	189	Drama	8	72	Oliver Stone	142110	3	1
Beauty and the Beast	1991	218967620	84	Animation	8	95	Gary Trousdale	417178	20	8
Dances with Wolves	1990	184208848	181	Adventure	8	72	Kevin Costner	240266	18	7
Do the Right Thing	1989	27545445	120	Comedy	8	93	Spike Lee	89429	18	6
Rain Man	1988	178800000	133	Drama	8	65	Barry Levinson	473064	8	1
The Princess Bride	1987	30857814	98	Adventure	8	77	Rob Reiner	393899	18	7
Der Himmel über Berlin	1987	3333969	128	Drama	8	79	Wim Wenders	64722	22	1
Au revoir les enfants	1987	4542825	104	Drama	8	88	Louis Malle	31163	21	1
The Terminator	1984	38400000	107	Action	8	84	James Cameron	799795	14	3
Gandhi	1982	52767889	191	Biography	8	79	Richard Attenborough	217664	6	4
Being There	1979	30177511	130	Comedy	8	83	Hal Ashby	65625	11	6
Annie Hall	1977	39200000	93	Comedy	8	92	Woody Allen	251823	10	6
Jaws	1975	2.6e+08	124	Adventure	8	87	Steven Spielberg	543388	4	7
Dog Day Afternoon	1975	5e+07	125	Biography	8	86	Sidney Lumet	235652	17	4
Young Frankenstein	1974	86300000	106	Comedy	8	80	Mel Brooks	143359	18	6
Papillon	1973	53267000	151	Biography	8	58	Franklin J. Schaffner	121627	8	4
The Exorcist	1973	232906145	122	Horror	8	81	William Friedkin	362393	12	9
The Last Picture Show	1971	29133000	118	Drama	8	93	Peter Bogdanovich	42456	21	1
Fiddler on the Roof	1971	80500000	181	Drama	8	67	Norman Jewison	39491	19	1
Il conformista	1970	541940	113	Drama	8	100	Bernardo Bertolucci	27067	14	1
Butch Cassidy and the Sundance Kid	1969	102308889	110	Biography	8	66	George Roy Hill	201888	34	4
Planet of the Apes	1968	33395426	112	Adventure	8	79	Franklin J. Schaffner	165167	18	7
The Graduate	1967	104945305	106	Comedy	8	83	Mike Nichols	253676	12	6
The Sound of Music	1965	163214286	172	Biography	8	63	Robert Wise	205425	18	4
Doctor Zhivago	1965	111722000	197	Drama	8	69	David Lean	69903	14	1
Per un pugno di dollari	1964	14500000	99	Action	8	65	Sergio Leone	198219	23	3
8½	1963	50690	138	Drama	8	91	Federico Fellini	108844	2	1
The Hustler	1961	8284000	134	Drama	8	90	Robert Rossen	75067	11	1
La dolce vita	1960	19516000	174	Comedy	8	95	Federico Fellini	66621	13	6
Rio Bravo	1959	12535000	141	Action	8	93	Howard Hawks	56305	9	3
Anatomy of a Murder	1959	11900000	161	Crime	8	95	Otto Preminger	59847	19	2
Touch of Evil	1958	2237659	95	Crime	8	99	Orson Welles	98431	13	2
Cat on a Hot Tin Roof	1958	17570324	108	Drama	8	84	Richard Brooks	45062	21	1
The Night of the Hunter	1955	654000	92	Crime	8	99	Charles Laughton	81980	23	2
A Streetcar Named Desire	1951	8e+06	122	Drama	8	97	Elia Kazan	99182	24	1
The Best Years of Our Lives	1946	23650000	170	Drama	8	93	William Wyler	57259	27	1
The Maltese Falcon	1941	2108060	100	Film-Noir	8	96	John Huston	148928	18	11
The Grapes of Wrath	1940	55000	129	Drama	8	96	John Ford	85559	19	1
The Wizard of Oz	1939	2076020	102	Adventure	8	92	Victor Fleming	371379	16	7
All Quiet on the Western Front	1930	3270000	152	Drama	8	91	Lewis Milestone	57318	30	1
Bronenosets Potemkin	1925	50970	75	Drama	8	97	Sergei M. Eisenstein	53054	20	1
Knives Out	2019	165359751	130	Comedy	7.9	82	Rian Johnson	454203	10	6
Manbiki kazoku	2018	3313513	121	Crime	7.9	93	Hirokazu Koreeda	62754	14	2
Marriage Story	2019	2e+06	137	Comedy	7.9	94	Noah Baumbach	246644	14	6
Call Me by Your Name	2017	18095701	132	Drama	7.9	93	Luca Guadagnino	212651	20	1
I, Daniel Blake	2016	258168	100	Drama	7.9	78	Ken Loach	53818	15	1
Isle of Dogs	2018	32015231	101	Animation	7.9	82	Wes Anderson	139114	12	8
Hunt for the Wilderpeople	2016	5202582	101	Adventure	7.9	81	Taika Waititi	111483	25	7
Captain Fantastic	2016	5875006	118	Comedy	7.9	72	Matt Ross	189400	17	6
Sing Street	2016	3237118	106	Comedy	7.9	79	John Carney	85109	11	6
Thor: Ragnarok	2017	315058289	130	Action	7.9	74	Taika Waititi	587775	14	3
Nightcrawler	2014	32381218	117	Crime	7.9	76	Dan Gilroy	466134	12	2
Jojo Rabbit	2019	349555	108	Comedy	7.9	58	Taika Waititi	297918	11	6
Arrival	2016	100546139	116	Drama	7.9	81	Denis Villeneuve	594181	7	1
Star Wars: Episode VII - The Force Awakens	2015	936662225	138	Action	7.9	80	J.J. Abrams	860823	42	3
Before Midnight	2013	8114627	109	Drama	7.9	94	Richard Linklater	141457	15	1
X-Men: Days of Future Past	2014	233921534	132	Action	7.9	75	Bryan Singer	659763	26	3
Bir Zamanlar Anadolu'da	2011	138730	157	Crime	7.9	82	Nuri Bilge Ceylan	41995	23	2
The Artist	2011	44671682	100	Comedy	7.9	89	Michel Hazanavicius	230624	10	6
Edge of Tomorrow	2014	100206256	113	Action	7.9	71	Doug Liman	600004	16	3
Amour	2012	6739492	127	Drama	7.9	94	Michael Haneke	93090	5	1
The Irishman	2019	7e+06	209	Biography	7.9	94	Martin Scorsese	324720	12	4
Un prophète	2009	2084637	155	Crime	7.9	90	Jacques Audiard	93560	11	2
Moon	2009	5009677	97	Drama	7.9	67	Duncan Jones	335152	4	1
Låt den rätte komma in	2008	2122065	114	Crime	7.9	82	Tomas Alfredson	205609	22	2
District 9	2009	115646235	112	Action	7.9	81	Neill Blomkamp	638202	10	3
The Wrestler	2008	26236603	109	Drama	7.9	80	Darren Aronofsky	289415	12	1
Boyhood	2014	25379975	165	Drama	7.9	100	Richard Linklater	335533	7	1
4 luni, 3 saptamâni si 2 zile	2007	1185783	113	Drama	7.9	97	Cristian Mungiu	56625	29	1
Star Trek	2009	257730019	127	Action	7.9	82	J.J. Abrams	577336	9	3
In Bruges	2008	7757130	107	Comedy	7.9	67	Martin McDonagh	390334	9	6
Letters from Iwo Jima	2006	13756082	141	Action	7.9	89	Clint Eastwood	154011	21	3
The Fall	2006	2280348	117	Adventure	7.9	64	Tarsem Singh	107290	8	7
Life of Pi	2012	124987023	127	Adventure	7.9	79	Ang Lee	580708	10	7
Fantastic Mr. Fox	2009	21002919	87	Animation	7.9	83	Wes Anderson	199696	17	8
Les choristes	2004	3635164	97	Drama	7.9	56	Christophe Barratier	57430	13	1
Iron Man	2008	318412101	126	Action	7.9	79	Jon Favreau	939644	8	3
Shaun of the Dead	2004	13542874	99	Comedy	7.9	76	Edgar Wright	512249	17	6
Mystic River	2003	90135191	138	Crime	7.9	84	Clint Eastwood	419420	12	2
Harry Potter and the Prisoner of Azkaban	2004	249358727	142	Adventure	7.9	82	Alfonso Cuarón	552493	40	7
Ying xiong	2002	53710019	120	Action	7.9	85	Yimou Zhang	173999	10	3
Hable con ella	2002	9284265	112	Drama	7.9	86	Pedro Almodóvar	104691	14	1
No Man's Land	2001	1059830	98	Comedy	7.9	84	Danis Tanovic	44618	13	6
Cowboy Bebop: Tengoku no tobira	2001	1000045	115	Animation	7.9	61	Shin'ichirô Watanabe	42897	31	8
The Bourne Identity	2002	121661683	119	Action	7.9	68	Doug Liman	508771	19	3
Nueve reinas	2000	1221261	114	Crime	7.9	80	Fabián Bielinsky	49721	12	2
Children of Men	2006	35552383	109	Adventure	7.9	84	Alfonso Cuarón	465113	15	7
Almost Famous	2000	32534850	122	Adventure	7.9	90	Cameron Crowe	252586	13	7
Mulholland Dr.	2001	7220243	147	Drama	7.9	85	David Lynch	322031	14	1
Toy Story 2	1999	245852179	92	Animation	7.9	88	John Lasseter	527512	11	8
Boogie Nights	1997	26400640	155	Drama	7.9	85	Paul Thomas Anderson	239473	13	1
Once Were Warriors	1994	2201126	102	Crime	7.9	77	Lee Tamahori	31590	18	2
True Romance	1993	12281500	119	Crime	7.9	59	Tony Scott	206918	12	2
Trois couleurs: Bleu	1993	1324974	94	Drama	7.9	85	Krzysztof Kieslowski	89836	20	1
Carlito's Way	1993	36948322	144	Crime	7.9	65	Brian De Palma	201000	13	2
Edward Scissorhands	1990	56362352	105	Drama	7.9	74	Tim Burton	447368	19	1
My Left Foot: The Story of Christy Brown	1989	14743391	103	Biography	7.9	97	Jim Sheridan	68076	40	4
Crimes and Misdemeanors	1989	18254702	104	Comedy	7.9	77	Woody Allen	54670	23	6
The Untouchables	1987	76270454	119	Crime	7.9	79	Brian De Palma	281842	16	2
Hannah and Her Sisters	1986	40084041	107	Comedy	7.9	90	Woody Allen	67176	22	6
Brazil	1985	9929135	132	Drama	7.9	84	Terry Gilliam	187567	6	1
This Is Spinal Tap	1984	188751	82	Comedy	7.9	92	Rob Reiner	128812	18	6
A Christmas Story	1983	20605209	93	Comedy	7.9	77	Bob Clark	132947	17	6
The Blues Brothers	1980	57229890	133	Action	7.9	60	John Landis	183182	18	3
Manhattan	1979	45700000	96	Comedy	7.9	83	Woody Allen	131436	9	6
All That Jazz	1979	37823676	123	Drama	7.9	72	Bob Fosse	28223	13	1
Dawn of the Dead	1978	5100000	127	Action	7.9	71	George A. Romero	111512	16	3
All the President's Men	1976	70600000	138	Biography	7.9	84	Alan J. Pakula	103031	23	4
La montaña sagrada	1973	61001	114	Adventure	7.9	76	Alejandro Jodorowsky	37183	18	7
Le charme discret de la bourgeoisie	1972	198809	102	Comedy	7.9	93	Luis Buñuel	38737	35	6
Patton	1970	61700000	172	Biography	7.9	91	Franklin J. Schaffner	93741	6	4
The Wild Bunch	1969	12064472	145	Action	7.9	97	Sam Peckinpah	77401	14	3
Night of the Living Dead	1968	89029	96	Horror	7.9	89	George A. Romero	116557	24	9
In the Heat of the Night	1967	24379978	110	Crime	7.9	75	Norman Jewison	67804	24	2
Charade	1963	13474588	113	Comedy	7.9	83	Stanley Donen	68689	7	6
Spartacus	1960	3e+07	197	Adventure	7.9	87	Stanley Kubrick	124339	9	7
High Noon	1952	9450000	85	Drama	7.9	89	Fred Zinnemann	97222	9	1
Strangers on a Train	1951	7630000	101	Crime	7.9	88	Alfred Hitchcock	123341	20	2
Miracle on 34th Street	1947	2650000	96	Comedy	7.9	88	George Seaton	41625	22	6
Notorious	1946	10464000	102	Drama	7.9	100	Alfred Hitchcock	92306	9	1
The Adventures of Robin Hood	1938	3981000	102	Action	7.9	97	Michael Curtiz	47175	28	3
King Kong	1933	1e+07	100	Adventure	7.9	90	Merian C. Cooper	78991	9	7
Forushande	2016	2402067	124	Drama	7.8	85	Asghar Farhadi	51240	10	1
Dunkirk	2017	188373161	106	Action	7.8	94	Christopher Nolan	555092	7	3
Hidden Figures	2016	169607287	127	Biography	7.8	74	Theodore Melfi	200876	14	4
Paddington 2	2017	40442052	103	Adventure	7.8	88	Paul King	61594	12	7
Kubo and the Two Strings	2016	48023088	101	Animation	7.8	84	Travis Knight	118035	24	8
Manchester by the Sea	2016	47695120	137	Drama	7.8	96	Kenneth Lonergan	246963	21	1
Under sandet	2015	435266	100	Drama	7.8	75	Martin Zandvliet	35539	12	1
Rogue One	2016	532177324	133	Action	7.8	65	Gareth Edwards	556608	9	3
Captain America: Civil War	2016	408084349	147	Action	7.8	75	Anthony Russo	663649	26	3
The Hateful Eight	2015	54117416	168	Crime	7.8	68	Quentin Tarantino	517059	17	2
Little Women	2019	108101214	135	Drama	7.8	91	Greta Gerwig	143250	12	1
Loving Vincent	2017	6735118	94	Animation	7.8	62	Dorota Kobiela	50778	14	8
Le passé	2013	1330596	130	Drama	7.8	85	Asghar Farhadi	45002	8	1
La grande bellezza	2013	2852400	141	Drama	7.8	86	Paolo Sorrentino	81125	18	1
The Lunchbox	2013	4231500	104	Drama	7.8	76	Ritesh Batra	50523	12	1
Big Hero 6	2014	222527828	102	Animation	7.8	74	Don Hall	410983	10	8
About Time	2013	15322921	123	Comedy	7.8	55	Richard Curtis	303032	10	6
Kaze tachinu	2013	5209580	126	Animation	7.8	83	Hayao Miyazaki	73690	12	8
Toy Story 4	2019	434038008	100	Animation	7.8	84	Josh Cooley	203177	11	8
La migliore offerta	2013	85433	131	Crime	7.8	49	Giuseppe Tornatore	108399	19	2
Moonrise Kingdom	2012	45512466	94	Comedy	7.8	84	Wes Anderson	318789	16	6
How to Train Your Dragon 2	2014	177002924	102	Animation	7.8	76	Dean DeBlois	305611	26	8
The Big Short	2015	70259870	130	Biography	7.8	81	Adam McKay	362942	13	4
Ang-ma-reul bo-at-da	2010	128392	144	Action	7.8	67	Jee-woon Kim	111252	20	3
The Girl with the Dragon Tattoo	2011	102515793	158	Crime	7.8	71	David Fincher	423010	31	2
Captain Phillips	2013	107100855	134	Adventure	7.8	82	Paul Greengrass	421244	16	7
Straight Outta Compton	2015	161197785	147	Biography	7.8	72	F. Gary Gray	179264	22	4
Madeo	2009	547292	129	Crime	7.8	79	Bong Joon Ho	52758	5	2
The Hobbit: The Desolation of Smaug	2013	258366855	161	Adventure	7.8	66	Peter Jackson	601408	35	7
Das weiße Band - Eine deutsche Kindergeschichte	2009	2222647	144	Drama	7.8	82	Michael Haneke	68715	47	1
Män som hatar kvinnor	2009	10095170	152	Crime	7.8	76	Niels Arden Oplev	208994	21	2
The Fighter	2010	93617009	116	Biography	7.8	79	David O. Russell	340584	11	4
Taken	2008	145000989	90	Action	7.8	51	Pierre Morel	564791	5	3
The Boy in the Striped Pyjamas	2008	9030581	94	Drama	7.8	55	Mark Herman	190748	30	1
Once	2007	9439923	86	Drama	7.8	88	John Carney	110656	4	1
The Hobbit: An Unexpected Journey	2012	303003568	169	Adventure	7.8	58	Peter Jackson	757377	33	7
Auf der anderen Seite	2007	741283	122	Drama	7.8	85	Fatih Akin	30827	21	1
Atonement	2007	50927067	123	Drama	7.8	85	Joe Wright	251370	9	1
Drive	2011	35061555	100	Crime	7.8	78	Nicolas Winding Refn	571571	5	2
American Gangster	2007	130164645	157	Biography	7.8	76	Ridley Scott	392449	17	4
Avatar	2009	760507625	162	Action	7.8	83	James Cameron	1118998	6	3
Mr. Nobody	2009	3600	141	Drama	7.8	63	Jaco Van Dormael	216421	10	1
Apocalypto	2006	50866635	139	Action	7.8	68	Mel Gibson	291018	10	3
Little Miss Sunshine	2006	59891098	101	Comedy	7.8	80	Jonathan Dayton	439856	20	6
Hot Fuzz	2007	23637265	121	Action	7.8	81	Edgar Wright	463466	8	3
The Curious Case of Benjamin Button	2008	127509326	166	Drama	7.8	70	David Fincher	589160	35	1
Veer-Zaara	2004	2921738	192	Drama	7.8	67	Yash Chopra	49050	10	1
Adams æbler	2005	1305	94	Comedy	7.8	51	Anders Thomas Jensen	45717	11	6
Pride & Prejudice	2005	38405088	129	Drama	7.8	82	Joe Wright	258924	17	1
The World's Fastest Indian	2005	5128124	127	Biography	7.8	68	Roger Donaldson	51980	26	4
Tôkyô goddofâzâzu	2003	128985	90	Animation	7.8	73	Satoshi Kon	31658	17	8
Serenity	2005	25514517	119	Action	7.8	74	Joss Whedon	283310	8	3
Walk the Line	2005	119519402	136	Biography	7.8	72	James Mangold	234207	13	4
Ondskan	2003	15280	113	Drama	7.8	61	Mikael Håfström	35682	7	1
The Notebook	2004	81001787	123	Drama	7.8	53	Nick Cassavetes	520284	12	1
Diarios de motocicleta	2004	16756372	126	Adventure	7.8	75	Walter Salles	96703	22	7
Lilja 4-ever	2002	181655	109	Crime	7.8	82	Lukas Moodysson	42673	12	2
Les triplettes de Belleville	2003	7002255	80	Animation	7.8	91	Sylvain Chomet	50622	28	8
The Count of Monte Cristo	2002	54234062	131	Action	7.8	61	Kevin Reynolds	129022	25	3
Waking Life	2001	2892011	99	Animation	7.8	83	Richard Linklater	60684	11	8
Remember the Titans	2000	115654751	113	Biography	7.8	48	Boaz Yakin	198089	19	4
Wo hu cang long	2000	128078872	120	Action	7.8	94	Ang Lee	253228	15	3
Todo sobre mi madre	1999	8264530	101	Drama	7.8	87	Pedro Almodóvar	89058	19	1
Cast Away	2000	233632142	143	Adventure	7.8	73	Robert Zemeckis	524235	9	7
The Boondock Saints	1999	25812	108	Action	7.8	44	Troy Duffy	227143	19	3
The Insider	1999	28965197	157	Biography	7.8	84	Michael Mann	159886	11	4
October Sky	1999	32481825	108	Biography	7.8	71	Joe Johnston	82855	11	4
Shrek	2001	267665011	90	Animation	7.8	84	Andrew Adamson	613941	5	8
Titanic	1997	659325379	194	Drama	7.8	75	James Cameron	1046089	7	1
Gattaca	1997	12339633	106	Drama	7.8	64	Andrew Niccol	280845	7	1
The Game	1997	48323648	129	Action	7.8	61	David Fincher	345096	8	3
Breaking the Waves	1996	4040691	159	Drama	7.8	76	Lars von Trier	62428	18	1
Ed Wood	1994	5887457	127	Biography	7.8	70	Tim Burton	164937	7	4
What's Eating Gilbert Grape	1993	9170214	118	Drama	7.8	73	Lasse Hallström	215034	27	1
Tombstone	1993	56505065	130	Action	7.8	50	George P. Cosmatos	126871	9	3
The Sandlot	1993	32416586	101	Comedy	7.8	55	David Mickey Evans	78963	11	6
The Remains of the Day	1993	22954968	134	Drama	7.8	84	James Ivory	66065	22	1
Naked	1993	1769305	132	Comedy	7.8	84	Mike Leigh	34635	5	6
The Fugitive	1993	183875760	130	Action	7.8	87	Andrew Davis	267684	12	3
A Bronx Tale	1993	17266971	121	Crime	7.8	80	Robert De Niro	128171	12	2
Night on Earth	1991	2015810	129	Comedy	7.8	68	Jim Jarmusch	55362	14	6
La double vie de Véronique	1991	1999955	98	Drama	7.8	86	Krzysztof Kieslowski	42376	26	1
Boyz n the Hood	1991	57504069	112	Crime	7.8	76	John Singleton	126082	15	2
Misery	1990	61276872	107	Drama	7.8	75	Rob Reiner	184740	6	1
Awakenings	1990	52096475	121	Biography	7.8	74	Penny Marshall	125276	10	4
Glory	1989	26830000	122	Biography	7.8	78	Edward Zwick	122779	5	4
Back to the Future Part II	1989	118500000	108	Adventure	7.8	57	Robert Zemeckis	481918	26	7
Mississippi Burning	1988	34603943	128	Crime	7.8	65	Alan Parker	88214	19	2
Predator	1987	59735548	107	Action	7.8	45	John McTiernan	371387	8	3
Evil Dead II	1987	5923044	84	Action	7.8	72	Sam Raimi	148359	12	3
Ferris Bueller's Day Off	1986	70136369	103	Comedy	7.8	61	John Hughes	321382	24	6
Down by Law	1986	1436000	107	Comedy	7.8	75	Jim Jarmusch	47834	11	6
The Goonies	1985	61503218	114	Adventure	7.8	62	Richard Donner	244430	11	7
The Color Purple	1985	98467863	154	Drama	7.8	78	Steven Spielberg	78321	16	1
The Breakfast Club	1985	45875171	97	Comedy	7.8	66	John Hughes	357026	18	6
The Killing Fields	1984	34700291	141	Biography	7.8	76	Roland Joffé	51585	18	4
Ghostbusters	1984	238632124	105	Action	7.8	71	Ivan Reitman	355413	12	3
The Right Stuff	1983	21500000	193	Adventure	7.8	91	Philip Kaufman	56235	15	7
The King of Comedy	1982	2500000	109	Comedy	7.8	73	Martin Scorsese	88511	18	6
E.T. the Extra-Terrestrial	1982	435110554	115	Family	7.8	91	Steven Spielberg	372490	26	13
Kramer vs. Kramer	1979	106260000	105	Drama	7.8	77	Robert Benton	133351	17	1
The Outlaw Josey Wales	1976	31800000	135	Western	7.8	69	Clint Eastwood	65659	22	5
The Conversation	1974	4420000	113	Drama	7.8	85	Francis Ford Coppola	98611	16	1
La planète sauvage	1973	193817	72	Animation	7.8	73	René Laloux	25229	18	8
The Day of the Jackal	1973	16056255	143	Crime	7.8	80	Fred Zinnemann	37445	21	2
Cabaret	1972	42765000	124	Drama	7.8	80	Bob Fosse	48334	7	1
Willy Wonka & the Chocolate Factory	1971	4e+06	100	Family	7.8	67	Mel Stuart	178731	35	13
Midnight Cowboy	1969	44785053	113	Drama	7.8	79	John Schlesinger	101124	15	1
Wait Until Dark	1967	17550741	108	Thriller	7.8	81	Terence Young	27733	15	14
Guess Who's Coming to Dinner	1967	56700000	108	Comedy	7.8	63	Stanley Kramer	39642	28	6
My Fair Lady	1964	7.2e+07	170	Drama	7.8	95	George Cukor	86525	12	1
Mary Poppins	1964	102272727	139	Comedy	7.8	88	Robert Stevenson	158029	12	6
The Longest Day	1962	39100000	178	Action	7.8	75	Ken Annakin	52141	15	3
The Innocents	1961	2616000	100	Horror	7.8	88	Jack Clayton	27007	13	9
Bride of Frankenstein	1935	4360000	75	Drama	7.8	95	James Whale	43542	21	1
God's Own Country	2017	335609	104	Drama	7.7	85	Francis Lee	25198	17	1
Deadpool 2	2018	324591735	119	Action	7.7	66	David Leitch	478586	10	3
Wind River	2017	33800859	107	Crime	7.7	73	Taylor Sheridan	205444	10	2
Get Out	2017	176040665	104	Horror	7.7	85	Jordan Peele	492851	7	9
Mission: Impossible - Fallout	2018	220159104	147	Action	7.7	86	Christopher McQuarrie	291257	29	3
En man som heter Ove	2015	3358518	116	Comedy	7.7	70	Hannes Holm	47444	20	6
What We Do in the Shadows	2014	3333000	86	Comedy	7.7	76	Jemaine Clement	157498	25	6
Omoide no Mânî	2014	765127	103	Animation	7.7	72	James Simone	32798	14	8
The Theory of Everything	2014	35893537	123	Biography	7.7	72	James Marsh	404182	24	4
Kingsman: The Secret Service	2014	128261724	129	Action	7.7	60	Matthew Vaughn	590440	28	3
The Fault in Our Stars	2014	124872350	126	Drama	7.7	69	Josh Boone	344312	22	1
Me and Earl and the Dying Girl	2015	6743776	105	Comedy	7.7	74	Alfonso Gomez-Rejon	123210	30	6
Birdman or (The Unexpected Virtue of Ignorance)	2014	42340598	119	Comedy	7.7	87	Alejandro G. Iñárritu	580291	47	6
La vie d'Adèle	2013	2199675	180	Drama	7.7	89	Abdellatif Kechiche	138741	14	1
Kai po che!	2013	1122527	130	Drama	7.7	40	Abhishek Kapoor	32628	11	1
The Broken Circle Breakdown	2012	175058	111	Drama	7.7	70	Felix van Groeningen	39379	27	1
Captain America: The Winter Soldier	2014	259766572	136	Action	7.7	70	Anthony Russo	736182	35	3
Nebraska	2013	17654912	115	Adventure	7.7	87	Alexander Payne	112298	8	7
Wreck-It Ralph	2012	189422889	101	Animation	7.7	72	Rich Moore	380195	14	8
Le Petit Prince	2015	1339152	108	Animation	7.7	70	Mark Osborne	56720	15	8
Detachment	2011	71177	98	Drama	7.7	52	Tony Kaye	77071	10	1
Midnight in Paris	2011	56816662	96	Comedy	7.7	81	Woody Allen	388089	17	6
The Lego Movie	2014	257760692	100	Animation	7.7	83	Christopher Miller	323982	14	8
Gravity	2013	274092705	91	Drama	7.7	96	Alfonso Cuarón	769145	7	1
Star Trek Into Darkness	2013	228778661	132	Action	7.7	72	J.J. Abrams	463188	23	3
Beasts of No Nation	2015	83861	137	Drama	7.7	79	Cary Joji Fukunaga	73964	19	1
The Social Network	2010	96962694	120	Biography	7.7	95	David Fincher	624982	18	4
X: First Class	2011	146408305	131	Action	7.7	65	Matthew Vaughn	645512	14	3
The Hangover	2009	277322503	100	Comedy	7.7	73	Todd Phillips	717559	12	6
Skyfall	2012	304360277	143	Action	7.7	81	Sam Mendes	630614	7	3
Silver Linings Playbook	2012	132092958	122	Comedy	7.7	81	David O. Russell	661871	23	6
Argo	2012	136025503	120	Biography	7.7	86	Ben Affleck	572581	4	4
(500) Days of Summer	2009	32391374	95	Comedy	7.7	76	Marc Webb	472242	20	6
Harry Potter and the Deathly Hallows: Part 1	2010	295983305	146	Adventure	7.7	65	David Yates	479120	44	7
Gake no ue no Ponyo	2008	15090400	101	Animation	7.7	86	Hayao Miyazaki	125317	19	8
Frost/Nixon	2008	18593156	122	Biography	7.7	80	Ron Howard	103330	11	4
Papurika	2006	881302	90	Animation	7.7	81	Satoshi Kon	71379	8	8
Changeling	2008	35739802	141	Biography	7.7	63	Clint Eastwood	239203	10	4
Flipped	2010	1752214	90	Comedy	7.7	45	Rob Reiner	81446	7	6
This Is England	2006	327919	101	Crime	7.7	86	Shane Meadows	115576	15	2
Ex Machina	2014	25442958	108	Drama	7.7	78	Alex Garland	474141	10	1
Efter brylluppet	2006	412544	120	Drama	7.7	78	Susanne Bier	32001	16	1
The Last King of Scotland	2006	17605861	123	Biography	7.7	74	Kevin Macdonald	175355	25	4
Zodiac	2007	33080084	157	Crime	7.7	78	David Fincher	466080	6	2
Lucky Number Slevin	2006	22494487	110	Action	7.7	53	Paul McGuigan	299524	19	3
Joyeux Noël	2005	1054361	116	Drama	7.7	70	Christian Carion	28003	11	1
Control	2007	871577	122	Biography	7.7	78	Anton Corbijn	61609	7	4
Tangled	2010	200821936	100	Animation	7.7	71	Nathan Greno	405922	7	8
Zwartboek	2006	4398392	145	Drama	7.7	71	Paul Verhoeven	72643	9	1
Brokeback Mountain	2005	83043761	134	Drama	7.7	87	Ang Lee	323103	18	1
3:10 to Yuma	2007	53606916	122	Action	7.7	76	James Mangold	288797	12	3
Crash	2004	54580300	112	Crime	7.7	66	Paul Haggis	419483	5	2
Kung fu	2004	17108591	99	Action	7.7	78	Stephen Chow	127250	7	3
The Bourne Supremacy	2004	176241941	108	Action	7.7	73	Paul Greengrass	434841	20	3
The Machinist	2004	1082715	101	Drama	7.7	61	Brad Anderson	358432	13	1
Ray	2004	75331600	152	Biography	7.7	73	Taylor Hackford	138356	3	4
Lost in Translation	2003	44585453	102	Comedy	7.7	89	Sofia Coppola	415074	19	6
Harry Potter and the Goblet of Fire	2005	290013036	157	Adventure	7.7	81	Mike Newell	548619	35	7
Man on Fire	2004	77911774	146	Action	7.7	47	Tony Scott	329592	11	3
Coraline	2009	75286229	100	Animation	7.7	80	Henry Selick	197761	8	8
The Last Samurai	2003	111110575	154	Action	7.7	55	Edward Zwick	400049	16	3
The Magdalene Sisters	2002	4890878	114	Drama	7.7	83	Peter Mullan	25938	21	1
Good Bye Lenin!	2003	4064200	121	Comedy	7.7	68	Wolfgang Becker	137981	15	6
In America	2002	15539266	105	Drama	7.7	76	Jim Sheridan	40403	10	1
I Am Sam	2001	40311852	132	Drama	7.7	28	Jessie Nelson	142863	8	1
Adaptation.	2002	22245861	115	Comedy	7.7	83	Spike Jonze	178565	11	6
Black Hawk Down	2001	108638745	144	Drama	7.7	74	Ridley Scott	364254	15	1
Road to Perdition	2002	104454762	117	Crime	7.7	72	Sam Mendes	246840	17	2
Das Experiment	2001	141072	120	Drama	7.7	60	Oliver Hirschbiegel	90842	14	1
Billy Elliot	2000	21995263	110	Drama	7.7	74	Stephen Daldry	126770	12	1
Hedwig and the Angry Inch	2001	3029081	95	Comedy	7.7	85	John Cameron Mitchell	31957	25	6
Ocean's Eleven	2001	183417150	116	Crime	7.7	74	Steven Soderbergh	516372	14	2
Vampire Hunter D: Bloodlust	2000	151086	103	Animation	7.7	62	Yoshiaki Kawajiri	29210	27	8
O Brother, Where Art Thou?	2000	45512588	107	Adventure	7.7	69	Joel Coen	286742	26	7
South Park: Bigger, Longer & Uncut	1999	52037603	81	Animation	7.7	73	Trey Parker	192112	34	8
Office Space	1999	10824921	89	Comedy	7.7	68	Mike Judge	241575	12	6
Happiness	1998	2807390	134	Comedy	7.7	81	Todd Solondz	66408	9	6
Training Day	2001	76631907	122	Crime	7.7	69	Antoine Fuqua	390247	12	2
Rushmore	1998	17105219	93	Comedy	7.7	86	Wes Anderson	169229	8	6
Being John Malkovich	1999	22858926	113	Comedy	7.7	90	Spike Jonze	312542	20	6
As Good as It Gets	1997	148478011	139	Comedy	7.7	67	James L. Brooks	275755	18	6
The Fifth Element	1997	63540020	126	Action	7.7	52	Luc Besson	434125	17	3
Le dîner de cons	1998	4065116	80	Comedy	7.7	73	Francis Veber	37424	16	6
Donnie Brasco	1997	41909762	127	Biography	7.7	76	Mike Newell	279318	13	4
Shine	1996	35811509	105	Biography	7.7	87	Scott Hicks	51350	5	4
Primal Fear	1996	56116183	129	Crime	7.7	47	Gregory Hoblit	189716	11	2
A Little Princess	1995	10019307	97	Drama	7.7	83	Alfonso Cuarón	32236	17	1
Il postino	1994	21848932	108	Biography	7.7	81	Michael Radford	33600	10	4
Clerks	1994	3151130	92	Comedy	7.7	70	Kevin Smith	211450	6	6
Short Cuts	1993	6110979	188	Comedy	7.7	79	Robert Altman	42275	10	6
Philadelphia	1993	77324422	125	Drama	7.7	66	Jonathan Demme	224169	12	1
The Muppet Christmas Carol	1992	27281507	85	Comedy	7.7	64	Brian Henson	50298	26	6
Malcolm X	1992	48169908	202	Biography	7.7	73	Spike Lee	85819	9	4
The Last of the Mohicans	1992	75505856	112	Action	7.7	76	Michael Mann	150409	24	3
Glengarry Glen Ross	1992	10725228	100	Crime	7.7	82	James Foley	95826	19	2
A Few Good Men	1992	141340178	138	Drama	7.7	62	Rob Reiner	235388	14	1
Fried Green Tomatoes	1991	82418501	130	Drama	7.7	64	Jon Avnet	66941	20	1
Barton Fink	1991	6153939	116	Comedy	7.7	69	Joel Coen	113240	11	6
Miller's Crossing	1990	5080409	115	Crime	7.7	66	Joel Coen	125822	17	2
Who Framed Roger Rabbit	1988	156452370	104	Animation	7.7	83	Robert Zemeckis	182009	23	8
Withnail & I	1987	1544889	107	Comedy	7.7	84	Bruce Robinson	40396	12	6
The Last Emperor	1987	43984230	163	Biography	7.7	76	Bernardo Bertolucci	94326	16	4
Empire of the Sun	1987	22238696	153	Action	7.7	62	Steven Spielberg	115677	17	3
Der Name der Rose	1986	7153487	130	Crime	7.7	54	Jean-Jacques Annaud	102031	17	2
Blue Velvet	1986	8551228	120	Drama	7.7	76	David Lynch	181285	11	1
The Purple Rose of Cairo	1985	10631333	82	Comedy	7.7	75	Woody Allen	47102	24	6
After Hours	1985	10600000	97	Comedy	7.7	90	Martin Scorsese	59635	11	6
The Verdict	1982	5.4e+07	129	Drama	7.7	77	Sidney Lumet	36096	11	1
Star Trek II: The Wrath of Khan	1982	78912963	113	Action	7.7	67	Nicholas Meyer	112704	31	3
First Blood	1982	47212904	93	Action	7.7	61	Ted Kotcheff	226541	11	3
Ordinary People	1980	54800000	124	Drama	7.7	86	Robert Redford	47099	15	1
Airplane!	1980	83400000	88	Comedy	7.7	78	Jim Abrahams	214882	9	6
Halloween	1978	4.7e+07	91	Horror	7.7	87	John Carpenter	233106	9	9
Le locataire	1976	1924733	126	Drama	7.7	71	Roman Polanski	39889	12	1
Blazing Saddles	1974	119500000	93	Comedy	7.7	73	Mel Brooks	125993	15	6
Serpico	1973	29800000	130	Biography	7.7	87	Sidney Lumet	109941	7	4
Enter the Dragon	1973	2.5e+07	102	Action	7.7	83	Robert Clouse	96561	16	3
Deliverance	1972	7056013	109	Adventure	7.7	80	John Boorman	98740	11	7
The French Connection	1971	15630710	104	Action	7.7	94	William Friedkin	110075	21	3
Dirty Harry	1971	35900000	102	Action	7.7	90	Don Siegel	143292	11	3
The Odd Couple	1968	44527234	105	Comedy	7.7	86	Gene Saks	31572	14	6
The Dirty Dozen	1967	45300000	150	Action	7.7	73	Robert Aldrich	67183	15	3
A Man for All Seasons	1966	28350000	120	Biography	7.7	72	Fred Zinnemann	31222	21	4
Goldfinger	1964	51081062	110	Action	7.7	87	Guy Hamilton	174119	10	3
The Birds	1963	11403529	119	Drama	7.7	90	Alfred Hitchcock	171739	9	1
The Magnificent Seven	1960	4905000	128	Action	7.7	74	John Sturges	87719	21	3
Les yeux sans visage	1960	52709	90	Drama	7.7	90	Georges Franju	27620	20	1
The African Queen	1951	536118	105	Adventure	7.7	91	John Huston	71481	17	7
Fantasia	1940	76408097	125	Animation	7.7	96	James Algar	88662	8	8
Searching	2018	26020957	102	Drama	7.6	71	Aneesh Chaganty	140840	9	1
Once Upon a Time... in Hollywood	2019	142502728	161	Comedy	7.6	83	Quentin Tarantino	551309	32	6
Nelyubov	2017	566356	127	Drama	7.6	86	Andrey Zvyagintsev	29765	8	1
The Florida Project	2017	5904366	111	Drama	7.6	92	Sean Baker	95181	19	1
Gifted	2017	24801212	101	Drama	7.6	60	Marc Webb	99643	6	1
The Peanut Butter Falcon	2019	13122642	97	Adventure	7.6	70	Tyler Nilson	66346	24	7
Mustang	2015	845464	97	Drama	7.6	83	Deniz Gamze Ergüven	35785	7	1
Guardians of the Galaxy Vol. 2	2017	389813101	136	Action	7.6	67	James Gunn	569974	30	3
Baby Driver	2017	107825862	113	Action	7.6	86	Edgar Wright	439406	11	3
Only the Brave	2017	18340051	134	Action	7.6	72	Joseph Kosinski	58371	14	3
Bridge of Spies	2015	72313754	142	Drama	7.6	81	Steven Spielberg	287659	15	1
Incredibles 2	2018	608581744	118	Animation	7.6	80	Brad Bird	250057	13	8
Moana	2016	248757044	107	Animation	7.6	81	Ron Clements	272784	5	8
Sicario	2015	46889293	121	Action	7.6	82	Denis Villeneuve	371291	7	3
Creed	2015	109767581	133	Drama	7.6	82	Ryan Coogler	247666	5	1
Leviafan	2014	1092800	140	Crime	7.6	92	Andrey Zvyagintsev	49397	8	2
Hell or High Water	2016	26862450	102	Action	7.6	88	David Mackenzie	204175	18	3
Philomena	2013	37707719	98	Biography	7.6	77	Stephen Frears	94212	9	4
Dawn of the Planet of the Apes	2014	208545589	130	Action	7.6	79	Matt Reeves	411599	30	3
Serbuan maut	2011	4105123	101	Action	7.6	73	Gareth Evans	190531	12	3
End of Watch	2012	41003371	109	Action	7.6	68	David Ayer	228132	12	3
Kari-gurashi no Arietti	2010	19202743	94	Animation	7.6	80	Hiromasa Yonebayashi	80939	23	8
A Star Is Born	2018	215288866	136	Drama	7.6	88	Bradley Cooper	334312	14	1
True Grit	2010	171243005	110	Drama	7.6	80	Ethan Coen	311822	9	1
Hævnen	2010	1008098	118	Drama	7.6	65	Susanne Bier	38491	6	1
Despicable Me	2010	251513985	95	Animation	7.6	72	Pierre Coffin	500851	13	8
50/50	2011	35014192	100	Comedy	7.6	72	Jonathan Levine	315426	5	6
Kick-Ass	2010	48071303	117	Action	7.6	66	Matthew Vaughn	524081	8	3
Moneyball	2011	75605492	133	Biography	7.6	87	Bennett Miller	369529	9	4
La piel que habito	2011	3185812	120	Drama	7.6	70	Pedro Almodóvar	138959	18	1
Zombieland	2009	75590286	88	Adventure	7.6	73	Ruben Fleischer	520041	10	7
Sherlock Holmes	2009	209028679	128	Action	7.6	57	Guy Ritchie	583158	15	3
The Blind Side	2009	255959475	129	Biography	7.6	53	John Lee Hancock	293266	14	4
The Visitor	2007	9422422	104	Drama	7.6	79	Tom McCarthy	41544	11	1
Seven Pounds	2008	69951824	123	Drama	7.6	36	Gabriele Muccino	286770	12	1
Eastern Promises	2007	17114882	100	Action	7.6	82	David Cronenberg	227760	16	3
Stardust	2007	38634938	127	Adventure	7.6	66	Matthew Vaughn	255036	8	7
The Secret of Kells	2009	686383	71	Animation	7.6	81	Tomm Moore	31779	19	8
Inside Man	2006	88513495	129	Crime	7.6	76	Spike Lee	339757	10	2
Gone Baby Gone	2007	20300218	114	Crime	7.6	72	Ben Affleck	250590	14	2
La Vie En Rose	2007	10301706	140	Biography	7.6	66	Olivier Dahan	82781	14	4
Huo Yuan Jia	2006	24633730	104	Action	7.6	70	Ronny Yu	72863	12	3
The Illusionist	2006	39868642	110	Drama	7.6	68	Neil Burger	354728	15	1
Dead Man's Shoes	2004	6013	90	Crime	7.6	52	Shane Meadows	49728	16	2
Harry Potter and the Half-Blood Prince	2009	301959197	153	Action	7.6	78	David Yates	474827	38	3
300	2006	210614939	117	Action	7.6	52	Zack Snyder	732876	3	3
Match Point	2005	23089926	124	Drama	7.6	72	Woody Allen	206294	11	1
Watchmen	2009	107509799	162	Action	7.6	56	Zack Snyder	500799	8	3
Lord of War	2005	24149632	122	Action	7.6	62	Andrew Niccol	294140	11	3
Saw	2004	56000369	103	Horror	7.6	46	James Wan	379020	3	9
Synecdoche, New York	2008	3081925	124	Drama	7.6	67	Charlie Kaufman	83158	20	1
Mysterious Skin	2004	697181	105	Drama	7.6	73	Gregg Araki	65939	15	1
Jeux d'enfants	2003	548707	93	Comedy	7.6	45	Yann Samuell	67360	14	6
Un long dimanche de fiançailles	2004	6167817	133	Drama	7.6	76	Jean-Pierre Jeunet	70925	31	1
The Station Agent	2003	5739376	89	Comedy	7.6	81	Tom McCarthy	67370	17	6
21 Grams	2003	16290476	124	Crime	7.6	70	Alejandro G. Iñárritu	224545	8	2
Boksuneun naui geot	2002	45289	129	Crime	7.6	56	Chan-wook Park	62659	19	2
Finding Neverland	2004	51680613	106	Biography	7.6	67	Marc Forster	198677	17	4
25th Hour	2002	13060843	135	Drama	7.6	68	Spike Lee	169708	9	1
The Butterfly Effect	2004	57938693	113	Drama	7.6	30	Eric Bress	451479	20	1
28 Days Later...	2002	45064915	113	Drama	7.6	73	Danny Boyle	376853	16	1
The Royal Tenenbaums	2001	52364010	110	Comedy	7.6	76	Wes Anderson	266842	20	6
Y tu mamá también	2001	13622333	106	Drama	7.6	88	Alfonso Cuarón	115827	17	1
Harry Potter and the Sorcerer's Stone	2001	317575550	152	Adventure	7.6	64	Chris Columbus	658185	37	7
The Others	2001	96522687	101	Horror	7.6	74	Alejandro Amenábar	337651	10	9
Blow	2001	52990775	124	Biography	7.6	52	Ted Demme	240714	4	4
Enemy at the Gates	2001	51401758	131	Drama	7.6	53	Jean-Jacques Annaud	243729	18	1
Minority Report	2002	132072926	145	Action	7.6	80	Steven Spielberg	508417	15	3
The Hurricane	1999	50668906	146	Biography	7.6	74	Norman Jewison	91557	13	4
American Psycho	2000	15070285	101	Comedy	7.6	64	Mary Harron	490062	15	6
Lola rennt	1998	7267585	81	Crime	7.6	77	Tom Tykwer	188317	10	2
The Thin Red Line	1998	36400491	170	Drama	7.6	78	Terrence Malick	172710	17	1
Mulan	1998	120620254	88	Animation	7.6	71	Tony Bancroft	256906	5	8
Fear and Loathing in Las Vegas	1998	10680275	118	Adventure	7.6	41	Terry Gilliam	259753	30	7
Dark City	1998	14378331	100	Mystery	7.6	66	Alex Proyas	187927	9	10
Sleepers	1996	49100000	147	Crime	7.6	49	Barry Levinson	186734	8	2
Lost Highway	1997	3796699	134	Mystery	7.6	52	David Lynch	131101	12	10
Sense and Sensibility	1995	43182776	136	Drama	7.6	84	Ang Lee	102598	21	1
Die Hard: With a Vengeance	1995	100012499	128	Action	7.6	58	John McTiernan	364420	26	3
Dead Man	1995	1037847	121	Adventure	7.6	62	Jim Jarmusch	90442	8	7
The Bridges of Madison County	1995	71516617	135	Drama	7.6	69	Clint Eastwood	73172	29	1
Apollo 13	1995	173837933	140	Adventure	7.6	77	Ron Howard	269197	9	7
Trois couleurs: Blanc	1994	1464625	92	Comedy	7.6	88	Krzysztof Kieslowski	64390	21	6
Falling Down	1993	40903593	113	Action	7.6	56	Joel Schumacher	171640	12	3
Dazed and Confused	1993	7993039	102	Comedy	7.6	78	Richard Linklater	165465	18	6
My Cousin Vinny	1992	52929168	120	Comedy	7.6	68	Jonathan Lynn	107325	15	6
Omohide poro poro	1991	453243	118	Animation	7.6	90	Isao Takahata	27071	17	8
Delicatessen	1991	1794187	99	Comedy	7.6	66	Marc Caro	80487	12	6
Home Alone	1990	285761243	103	Comedy	7.6	63	Chris Columbus	488817	10	6
The Godfather: Part III	1990	66666062	162	Crime	7.6	60	Francis Ford Coppola	359809	23	2
When Harry Met Sally...	1989	92823600	95	Comedy	7.6	76	Rob Reiner	195663	23	6
The Little Mermaid	1989	111543479	83	Animation	7.6	88	Ron Clements	237696	18	8
The Naked Gun: From the Files of Police Squad!	1988	78756177	85	Comedy	7.6	76	David Zucker	152871	46	6
Planes, Trains & Automobiles	1987	49530280	93	Comedy	7.6	72	John Hughes	124773	28	6
Lethal Weapon	1987	65207127	109	Action	7.6	68	Richard Donner	236894	13	3
Blood Simple	1984	2150000	99	Crime	7.6	82	Joel Coen	87745	12	2
On Golden Pond	1981	119285432	109	Drama	7.6	68	Mark Rydell	27650	14	1
Mad Max 2	1981	12465371	96	Action	7.6	77	George Miller	166588	9	3
The Warriors	1979	22490039	92	Action	7.6	65	Walter Hill	93878	12	3
The Muppet Movie	1979	76657000	95	Adventure	7.6	74	James Frawley	32802	16	7
Escape from Alcatraz	1979	4.3e+07	112	Action	7.6	76	Don Siegel	121731	20	3
Midnight Express	1978	3.5e+07	121	Biography	7.6	59	Alan Parker	73662	16	4
Close Encounters of the Third Kind	1977	132088635	138	Drama	7.6	90	Steven Spielberg	184966	34	1
The Long Goodbye	1973	959000	112	Comedy	7.6	87	Robert Altman	26337	16	6
Giù la testa	1971	696690	157	Drama	7.6	77	Sergio Leone	30144	12	1
Kelly's Heroes	1970	1378435	144	Adventure	7.6	50	Brian G. Hutton	45338	14	7
The Jungle Book	1967	141843612	78	Animation	7.6	65	Wolfgang Reitherman	166409	15	8
A Hard Day's Night	1964	13780024	87	Comedy	7.6	96	Richard Lester	40351	18	6
From Here to Eternity	1953	30500000	118	Drama	7.6	85	Fred Zinnemann	43374	21	1
